date,revenue
2011-01-29,7240.64999999999
2011-01-30,6705.510000000002
2011-01-31,4584.850000000002
2011-02-01,4965.460000000003
2011-02-02,4368.070000000002
2011-02-03,5247.419999999999
2011-02-04,5820.449999999995
2011-02-05,8551.459999999986
2011-02-06,7435.8599999999915
2011-02-07,5535.839999999998
2011-02-08,5079.650000000003
2011-02-09,4753.0300000000025
2011-02-10,5225.059999999993
2011-02-11,5523.939999999999
2011-02-12,7401.0700000000015
2011-02-13,7835.779999999997
2011-02-14,4726.1
2011-02-15,4151.050000000005
2011-02-16,3806.190000000004
2011-02-17,3566.8800000000065
2011-02-18,5428.189999999998
2011-02-19,6880.969999999994
2011-02-20,6784.710000000002
2011-02-21,5125.91
2011-02-22,3870.5400000000027
2011-02-23,3669.8400000000074
2011-02-24,3719.130000000007
2011-02-25,4499.410000000002
2011-02-26,5999.689999999993
2011-02-27,6324.069999999995
2011-02-28,3965.1600000000035
2011-03-01,4314.800000000002
2011-03-02,4357.5900000000065
2011-03-03,4489.460000000004
2011-03-04,5626.999999999996
2011-03-05,7029.719999999992
2011-03-06,7552.909999999994
2011-03-07,5272.669999999997
2011-03-08,5064.280000000002
2011-03-09,4904.109999999999
2011-03-10,4473.120000000004
2011-03-11,5757.419999999994
2011-03-12,6558.2399999999925
2011-03-13,7012.939999999994
2011-03-14,4707.060000000001
2011-03-15,3912.0800000000063
2011-03-16,4217.63000000001
2011-03-17,3831.190000000007
2011-03-18,4770.360000000002
2011-03-19,6427.320000000003
2011-03-20,6502.719999999993
2011-03-21,4533.870000000002
2011-03-22,3856.3400000000092
2011-03-23,3499.310000000005
2011-03-24,3348.990000000005
2011-03-25,4276.500000000006
2011-03-26,6078.489999999997
2011-03-27,6298.609999999993
2011-03-28,4254.850000000008
2011-03-29,3424.1300000000056
2011-03-30,3619.160000000006
2011-03-31,4236.880000000005
2011-04-01,5923.219999999992
2011-04-02,6897.169999999992
2011-04-03,7227.04999999999
2011-04-04,5777.549999999998
2011-04-05,4895.79
2011-04-06,4515.300000000001
2011-04-07,5012.3099999999995
2011-04-08,5469.9400000000005
2011-04-09,6929.7799999999925
2011-04-10,7141.419999999994
2011-04-11,4699.120000000004
2011-04-12,4063.9800000000055
2011-04-13,3837.5000000000064
2011-04-14,3979.050000000006
2011-04-15,5121.8200000000015
2011-04-16,5964.619999999997
2011-04-17,6522.279999999994
2011-04-18,4490.430000000006
2011-04-19,4116.760000000004
2011-04-20,3852.1600000000058
2011-04-21,4457.880000000006
2011-04-22,5495.779999999995
2011-04-23,7360.319999999992
2011-04-24,5075.239999999998
2011-04-25,3691.390000000004
2011-04-26,3527.1100000000024
2011-04-27,3343.1500000000065
2011-04-28,3521.7800000000075
2011-04-29,4535.250000000002
2011-04-30,5817.4
2011-05-01,6097.969999999995
2011-05-02,5017.800000000005
2011-05-03,4987.100000000004
2011-05-04,4806.69
2011-05-05,3943.2800000000066
2011-05-06,5684.349999999994
2011-05-07,6640.039999999995
2011-05-08,5156.979999999999
2011-05-09,5747.43
2011-05-10,4872.740000000001
2011-05-11,4615.700000000002
2011-05-12,3907.3100000000054
2011-05-13,4942.179999999999
2011-05-14,6425.419999999998
2011-05-15,6822.490000000003
2011-05-16,4231.360000000003
2011-05-17,3881.5300000000007
2011-05-18,3861.380000000007
2011-05-19,3763.4700000000034
2011-05-20,4645.430000000001
2011-05-21,5700.219999999991
2011-05-22,6214.85
2011-05-23,4180.330000000007
2011-05-24,3770.900000000004
2011-05-25,3717.300000000006
2011-05-26,3705.400000000008
2011-05-27,4434.260000000004
2011-05-28,5528.980000000005
2011-05-29,5808.069999999996
2011-05-30,5004.370000000001
2011-05-31,3745.7800000000066
2011-06-01,4420.380000000006
2011-06-02,4345.460000000004
2011-06-03,5611.429999999999
2011-06-04,7070.4299999999985
2011-06-05,6885.789999999998
2011-06-06,5462.63
2011-06-07,4938.5599999999995
2011-06-08,4626.319999999997
2011-06-09,4753.8499999999985
2011-06-10,6210.1799999999985
2011-06-11,6154.809999999999
2011-06-12,6662.5099999999975
2011-06-13,5463.750000000005
2011-06-14,4881.290000000005
2011-06-15,4659.200000000001
2011-06-16,4309.130000000006
2011-06-17,5236.7599999999975
2011-06-18,6188.149999999999
2011-06-19,5241.46
2011-06-20,4835.2400000000025
2011-06-21,4726.210000000004
2011-06-22,4150.330000000007
2011-06-23,4455.200000000009
2011-06-24,5172.150000000002
2011-06-25,5478.299999999993
2011-06-26,6003.279999999999
2011-06-27,4706.510000000007
2011-06-28,3640.9000000000055
2011-06-29,3794.5800000000063
2011-06-30,4344.590000000006
2011-07-01,6571.019999999997
2011-07-02,7311.329999999986
2011-07-03,7031.360000000001
2011-07-04,5002.0300000000025
2011-07-05,5898.639999999996
2011-07-06,5815.699999999995
2011-07-07,6112.239999999999
2011-07-08,6066.589999999989
2011-07-09,7244.929999999992
2011-07-10,7751.3399999999865
2011-07-11,5025.800000000001
2011-07-12,4029.7500000000073
2011-07-13,4445.530000000004
2011-07-14,4274.710000000007
2011-07-15,5096.24
2011-07-16,6463.369999999993
2011-07-17,6421.330000000001
2011-07-18,4890.919999999997
2011-07-19,4365.770000000007
2011-07-20,4307.410000000005
2011-07-21,4496.610000000006
2011-07-22,5618.710000000002
2011-07-23,6201.749999999995
2011-07-24,6271.6299999999965
2011-07-25,4758.060000000011
2011-07-26,4106.170000000006
2011-07-27,3987.150000000005
2011-07-28,4090.7800000000057
2011-07-29,5418.159999999998
2011-07-30,5236.019999999998
2011-07-31,5927.179999999995
2011-08-01,4972.840000000002
2011-08-02,5109.889999999997
2011-08-03,5021.790000000006
2011-08-04,5636.989999999992
2011-08-05,6332.399999999997
2011-08-06,6303.769999999995
2011-08-07,7510.479999999995
2011-08-08,5839.009999999995
2011-08-09,5226.389999999994
2011-08-10,5461.150000000001
2011-08-11,5079.979999999997
2011-08-12,5606.819999999992
2011-08-13,7279.129999999992
2011-08-14,7465.429999999995
2011-08-15,4949.860000000006
2011-08-16,4661.020000000004
2011-08-17,4578.670000000003
2011-08-18,4836.680000000001
2011-08-19,5092.410000000002
2011-08-20,6320.729999999992
2011-08-21,8140.70999999999
2011-08-22,4814.990000000009
2011-08-23,3942.6500000000055
2011-08-24,4298.810000000008
2011-08-25,4341.790000000006
2011-08-26,5019.379999999996
2011-08-27,6622.189999999991
2011-08-28,6616.299999999992
2011-08-29,4400.020000000001
2011-08-30,3538.9800000000064
2011-08-31,3668.1100000000033
2011-09-01,4694.810000000005
2011-09-02,5699.64
2011-09-03,6791.559999999994
2011-09-04,6669.879999999998
2011-09-05,6521.829999999992
2011-09-06,5389.279999999998
2011-09-07,5111.219999999996
2011-09-08,5353.149999999998
2011-09-09,6100.249999999997
2011-09-10,7274.899999999984
2011-09-11,7822.019999999989
2011-09-12,5167.809999999999
2011-09-13,4205.390000000004
2011-09-14,3855.3900000000044
2011-09-15,4491.210000000004
2011-09-16,5305.989999999998
2011-09-17,6339.989999999998
2011-09-18,7024.789999999996
2011-09-19,4829.820000000003
2011-09-20,4530.210000000001
2011-09-21,4315.720000000003
2011-09-22,4120.710000000004
2011-09-23,5984.759999999991
2011-09-24,6958.309999999992
2011-09-25,7105.7399999999925
2011-09-26,4892.78
2011-09-27,4261.1
2011-09-28,3962.9300000000035
2011-09-29,3705.3000000000065
2011-09-30,5828.989999999995
2011-10-01,8193.879999999985
2011-10-02,8547.019999999988
2011-10-03,5855.119999999996
2011-10-04,5468.9100000000035
2011-10-05,5203.9100000000035
2011-10-06,5109.469999999994
2011-10-07,6317.319999999999
2011-10-08,7501.769999999988
2011-10-09,8307.609999999986
2011-10-10,6807.549999999994
2011-10-11,4729.800000000004
2011-10-12,4667.819999999998
2011-10-13,4752.210000000004
2011-10-14,6053.959999999989
2011-10-15,7248.219999999989
2011-10-16,7075.709999999993
2011-10-17,4813.849999999999
2011-10-18,4090.110000000004
2011-10-19,4085.9200000000055
2011-10-20,4124.830000000006
2011-10-21,5449.379999999994
2011-10-22,7137.029999999982
2011-10-23,7411.479999999985
2011-10-24,5143.539999999999
2011-10-25,4496.010000000004
2011-10-26,3860.450000000007
2011-10-27,4496.889999999999
2011-10-28,5215.18
2011-10-29,7172.059999999993
2011-10-30,7073.639999999989
2011-10-31,3746.8900000000035
2011-11-01,4422.440000000003
2011-11-02,4879.250000000002
2011-11-03,5037.139999999996
2011-11-04,6282.109999999992
2011-11-05,7656.019999999991
2011-11-06,8417.529999999993
2011-11-07,5741.389999999997
2011-11-08,5780.939999999994
2011-11-09,5004.349999999996
2011-11-10,5908.599999999992
2011-11-11,6541.949999999993
2011-11-12,6832.469999999993
2011-11-13,7247.099999999984
2011-11-14,5316.010000000003
2011-11-15,4707.570000000001
2011-11-16,4349.710000000007
2011-11-17,4162.4100000000035
2011-11-18,5101.639999999994
2011-11-19,7556.7899999999845
2011-11-20,7583.319999999981
2011-11-21,5739.439999999999
2011-11-22,6560.239999999988
2011-11-23,6621.699999999993
2011-11-24,3594.5900000000033
2011-11-25,4688.039999999999
2011-11-26,5048.11
2011-11-27,5740.55
2011-11-28,4168.400000000005
2011-11-29,4163.020000000002
2011-11-30,3991.280000000006
2011-12-01,4476.500000000006
2011-12-02,5518.929999999991
2011-12-03,7709.639999999989
2011-12-04,8123.139999999986
2011-12-05,6429.910000000001
2011-12-06,5292.680000000004
2011-12-07,5054.129999999992
2011-12-08,5975.8699999999935
2011-12-09,6296.249999999998
2011-12-10,8292.659999999987
2011-12-11,7693.599999999984
2011-12-12,5899.669999999994
2011-12-13,5304.770000000002
2011-12-14,5238.059999999995
2011-12-15,5822.9799999999905
2011-12-16,5894.949999999997
2011-12-17,7860.829999999991
2011-12-18,7581.869999999981
2011-12-19,5972.15999999999
2011-12-20,5900.0199999999895
2011-12-21,6138.039999999993
2011-12-22,6327.949999999988
2011-12-23,8183.279999999989
2011-12-24,6265.429999999986
2011-12-25,5811.9399999999905
2011-12-26,5358.449999999995
2011-12-27,5228.109999999993
2011-12-28,5228.489999999998
2011-12-29,5808.479999999994
2011-12-30,7679.059999999983
2011-12-31,8057.4699999999775
2012-01-01,4793.98
2012-01-02,7210.099999999991
2012-01-03,6199.139999999988
2012-01-04,5623.83999999999
2012-01-05,6230.119999999992
2012-01-06,6477.629999999981
2012-01-07,8566.44999999998
2012-01-08,8813.179999999978
2012-01-09,7102.879999999987
2012-01-10,5726.579999999993
2012-01-11,5107.529999999997
2012-01-12,4528.030000000004
2012-01-13,6470.79999999999
2012-01-14,7469.1599999999935
2012-01-15,7526.889999999994
2012-01-16,6760.840000000001
2012-01-17,5461.419999999996
2012-01-18,4885.389999999997
2012-01-19,4892.629999999994
2012-01-20,5956.749999999993
2012-01-21,9335.619999999974
2012-01-22,7382.009999999982
2012-01-23,4754.4000000000015
2012-01-24,4677.010000000003
2012-01-25,4197.400000000004
2012-01-26,4337.259999999999
2012-01-27,5679.589999999998
2012-01-28,7257.84999999999
2012-01-29,7615.359999999981
2012-01-30,5178.959999999997
2012-01-31,5380.049999999993
2012-02-01,5828.049999999994
2012-02-02,6153.159999999978
2012-02-03,7723.629999999984
2012-02-04,10676.569999999982
2012-02-05,9411.839999999975
2012-02-06,6813.799999999988
2012-02-07,5919.469999999992
2012-02-08,5790.86999999999
2012-02-09,5895.319999999991
2012-02-10,6672.589999999989
2012-02-11,10157.259999999977
2012-02-12,9939.859999999979
2012-02-13,7455.599999999989
2012-02-14,4851.53
2012-02-15,4607.039999999997
2012-02-16,4881.629999999997
2012-02-17,6307.099999999991
2012-02-18,8116.219999999981
2012-02-19,8584.569999999985
2012-02-20,6476.4399999999905
2012-02-21,4833.689999999999
2012-02-22,4839.83
2012-02-23,4756.07
2012-02-24,6183.799999999993
2012-02-25,8560.549999999985
2012-02-26,8484.24999999998
2012-02-27,5435.039999999998
2012-02-28,5066.879999999995
2012-02-29,4769.420000000001
2012-03-01,6148.01
2012-03-02,6674.189999999988
2012-03-03,9207.529999999979
2012-03-04,9523.76999999998
2012-03-05,7503.33999999999
2012-03-06,6612.789999999991
2012-03-07,6758.979999999984
2012-03-08,6666.639999999991
2012-03-09,7116.06999999998
2012-03-10,10012.889999999987
2012-03-11,10173.549999999983
2012-03-12,6928.629999999994
2012-03-13,5183.359999999996
2012-03-14,5377.649999999995
2012-03-15,5791.369999999999
2012-03-16,6593.959999999985
2012-03-17,8345.969999999994
2012-03-18,8941.549999999985
2012-03-19,6269.86999999999
2012-03-20,5106.45999999999
2012-03-21,4634.920000000001
2012-03-22,5712.089999999995
2012-03-23,5957.449999999996
2012-03-24,8639.389999999987
2012-03-25,9457.979999999981
2012-03-26,5846.269999999992
2012-03-27,5032.959999999996
2012-03-28,5007.80999999999
2012-03-29,4797.939999999996
2012-03-30,7803.31999999999
2012-03-31,8386.93999999999
2012-04-01,9737.919999999984
2012-04-02,7115.469999999999
2012-04-03,7311.029999999995
2012-04-04,6931.879999999994
2012-04-05,7395.159999999989
2012-04-06,9656.84999999998
2012-04-07,11148.949999999983
2012-04-08,7315.579999999988
2012-04-09,7282.369999999992
2012-04-10,7247.2399999999925
2012-04-11,5968.41
2012-04-12,5776.039999999994
2012-04-13,6787.5899999999865
2012-04-14,9114.159999999978
2012-04-15,8772.159999999989
2012-04-16,5957.19999999999
2012-04-17,5110.130000000003
2012-04-18,5145.259999999996
2012-04-19,5651.749999999996
2012-04-20,7290.6699999999955
2012-04-21,9240.51999999997
2012-04-22,9120.669999999984
2012-04-23,5619.820000000002
2012-04-24,5546.729999999994
2012-04-25,5203.709999999996
2012-04-26,5401.409999999998
2012-04-27,6781.86999999999
2012-04-28,8223.83999999999
2012-04-29,8814.109999999984
2012-04-30,6200.939999999982
2012-05-01,6977.0899999999865
2012-05-02,6217.669999999994
2012-05-03,6817.5799999999845
2012-05-04,7619.679999999993
2012-05-05,8169.749999999992
2012-05-06,10050.439999999986
2012-05-07,8730.859999999982
2012-05-08,6669.529999999986
2012-05-09,7175.56999999999
2012-05-10,7305.139999999987
2012-05-11,8081.599999999983
2012-05-12,11119.219999999985
2012-05-13,8152.459999999983
2012-05-14,6633.349999999985
2012-05-15,6642.789999999987
2012-05-16,6555.589999999995
2012-05-17,6299.999999999992
2012-05-18,7577.9699999999875
2012-05-19,9282.379999999986
2012-05-20,10541.129999999974
2012-05-21,6635.009999999989
2012-05-22,5164.199999999999
2012-05-23,5389.989999999994
2012-05-24,6204.909999999988
2012-05-25,8072.679999999987
2012-05-26,8546.199999999979
2012-05-27,8294.359999999982
2012-05-28,7502.659999999997
2012-05-29,5580.109999999993
2012-05-30,5221.259999999998
2012-05-31,5932.449999999988
2012-06-01,8047.539999999987
2012-06-02,10154.059999999965
2012-06-03,9628.289999999985
2012-06-04,7557.7299999999905
2012-06-05,6841.379999999988
2012-06-06,6846.309999999988
2012-06-07,7119.829999999988
2012-06-08,8350.759999999984
2012-06-09,9144.029999999986
2012-06-10,9758.83999999997
2012-06-11,7724.929999999979
2012-06-12,6769.469999999996
2012-06-13,6406.729999999992
2012-06-14,6558.79999999999
2012-06-15,8280.72999999998
2012-06-16,9613.439999999986
2012-06-17,8148.059999999984
2012-06-18,6550.969999999996
2012-06-19,6249.619999999986
2012-06-20,5811.249999999995
2012-06-21,6137.789999999988
2012-06-22,9082.069999999974
2012-06-23,8045.039999999977
2012-06-24,9299.59999999999
2012-06-25,6560.409999999995
2012-06-26,5537.339999999997
2012-06-27,5077.039999999993
2012-06-28,5899.509999999987
2012-06-29,7242.369999999992
2012-06-30,8900.729999999978
2012-07-01,9895.129999999977
2012-07-02,7592.449999999984
2012-07-03,8122.429999999987
2012-07-04,6701.269999999987
2012-07-05,6235.789999999988
2012-07-06,7766.419999999986
2012-07-07,8702.499999999985
2012-07-08,9739.849999999995
2012-07-09,8191.4499999999825
2012-07-10,7228.719999999991
2012-07-11,6457.659999999989
2012-07-12,6643.059999999995
2012-07-13,7982.049999999986
2012-07-14,8874.579999999974
2012-07-15,9420.629999999977
2012-07-16,6316.419999999993
2012-07-17,6039.159999999992
2012-07-18,5702.649999999999
2012-07-19,6150.719999999994
2012-07-20,7812.149999999985
2012-07-21,8751.53999999998
2012-07-22,9445.069999999974
2012-07-23,6281.709999999989
2012-07-24,5785.319999999997
2012-07-25,5522.609999999999
2012-07-26,6046.799999999986
2012-07-27,6643.479999999995
2012-07-28,6846.089999999994
2012-07-29,7284.039999999989
2012-07-30,6059.829999999989
2012-07-31,5958.6699999999955
2012-08-01,6719.399999999989
2012-08-02,7414.419999999997
2012-08-03,8034.479999999979
2012-08-04,9134.579999999985
2012-08-05,10469.159999999987
2012-08-06,8157.299999999983
2012-08-07,7078.559999999986
2012-08-08,7356.119999999992
2012-08-09,7192.289999999989
2012-08-10,8283.649999999987
2012-08-11,10057.889999999996
2012-08-12,9472.17999999998
2012-08-13,6857.769999999988
2012-08-14,6629.649999999986
2012-08-15,6499.999999999991
2012-08-16,6832.3099999999795
2012-08-17,7870.799999999991
2012-08-18,10938.109999999984
2012-08-19,11106.769999999984
2012-08-20,7313.57999999999
2012-08-21,6375.519999999984
2012-08-22,5693.899999999996
2012-08-23,5448.18999999999
2012-08-24,6456.8599999999915
2012-08-25,9028.39999999999
2012-08-26,9489.059999999987
2012-08-27,6256.239999999989
2012-08-28,5765.409999999994
2012-08-29,5201.70999999999
2012-08-30,5866.07999999999
2012-08-31,7211.659999999993
2012-09-01,11164.829999999976
2012-09-02,9919.719999999972
2012-09-03,9401.359999999971
2012-09-04,6784.479999999987
2012-09-05,6550.0799999999845
2012-09-06,5991.499999999989
2012-09-07,7700.299999999985
2012-09-08,8936.01999999998
2012-09-09,10942.619999999979
2012-09-10,6981.029999999999
2012-09-11,5988.279999999984
2012-09-12,5486.0099999999975
2012-09-13,6139.859999999997
2012-09-14,7157.759999999986
2012-09-15,9035.539999999983
2012-09-16,9774.359999999966
2012-09-17,5910.869999999996
2012-09-18,5604.519999999991
2012-09-19,4850.69
2012-09-20,5306.419999999998
2012-09-21,6871.999999999984
2012-09-22,8562.739999999987
2012-09-23,9020.739999999983
2012-09-24,5460.389999999994
2012-09-25,5178.439999999993
2012-09-26,4828.42
2012-09-27,4891.439999999999
2012-09-28,6510.949999999988
2012-09-29,8272.179999999982
2012-09-30,9278.509999999977
2012-10-01,7200.099999999981
2012-10-02,6785.399999999991
2012-10-03,6418.029999999994
2012-10-04,6092.409999999989
2012-10-05,6531.14999999999
2012-10-06,8935.919999999987
2012-10-07,9805.959999999985
2012-10-08,7488.079999999982
2012-10-09,6547.479999999984
2012-10-10,5709.809999999993
2012-10-11,5237.959999999993
2012-10-12,6307.199999999992
2012-10-13,7294.689999999985
2012-10-14,7965.54999999999
2012-10-15,5887.009999999993
2012-10-16,4796.679999999999
2012-10-17,4682.239999999999
2012-10-18,4633.419999999995
2012-10-19,5758.9499999999925
2012-10-20,7330.759999999981
2012-10-21,7736.089999999976
2012-10-22,5079.769999999997
2012-10-23,4608.310000000002
2012-10-24,4009.5000000000073
2012-10-25,4590.679999999996
2012-10-26,5516.799999999998
2012-10-27,7519.749999999985
2012-10-28,7534.569999999988
2012-10-29,5350.6099999999915
2012-10-30,5168.279999999998
2012-10-31,3847.720000000005
2012-11-01,5336.169999999992
2012-11-02,6142.579999999995
2012-11-03,8254.379999999988
2012-11-04,8827.239999999994
2012-11-05,6584.11999999999
2012-11-06,5315.299999999993
2012-11-07,5901.339999999993
2012-11-08,5846.189999999996
2012-11-09,7463.339999999989
2012-11-10,8992.97999999999
2012-11-11,8446.979999999978
2012-11-12,6570.539999999986
2012-11-13,5167.650000000002
2012-11-14,4572.169999999996
2012-11-15,4951.009999999998
2012-11-16,6112.429999999994
2012-11-17,8291.819999999985
2012-11-18,7713.339999999982
2012-11-19,5943.209999999983
2012-11-20,6447.619999999993
2012-11-21,6902.24999999999
2012-11-22,3505.8900000000026
2012-11-23,3727.8300000000036
2012-11-24,5088.779999999997
2012-11-25,6179.209999999994
2012-11-26,5170.939999999996
2012-11-27,4693.280000000002
2012-11-28,4022.2500000000077
2012-11-29,3886.5100000000034
2012-11-30,5306.219999999995
2012-12-01,8717.529999999975
2012-12-02,7433.049999999983
2012-12-03,6908.619999999983
2012-12-04,5163.569999999997
2012-12-05,5204.439999999997
2012-12-06,5523.069999999991
2012-12-07,6912.619999999998
2012-12-08,8315.929999999984
2012-12-09,8593.729999999981
2012-12-10,6899.91999999999
2012-12-11,5736.539999999997
2012-12-12,5101.699999999999
2012-12-13,5105.640000000002
2012-12-14,6169.569999999987
2012-12-15,7945.02999999999
2012-12-16,7646.9999999999845
2012-12-17,5761.6699999999955
2012-12-18,5850.8199999999915
2012-12-19,5107.73
2012-12-20,6096.219999999991
2012-12-21,6655.199999999991
2012-12-22,7927.279999999988
2012-12-23,7484.589999999979
2012-12-24,6283.389999999991
2012-12-25,5527.384999999995
2012-12-26,4771.379999999998
2012-12-27,5067.129999999994
2012-12-28,5796.879999999988
2012-12-29,6738.349999999986
2012-12-30,7203.179999999984
2012-12-31,7056.4699999999875
2013-01-01,4494.020000000003
2013-01-02,6103.929999999984
2013-01-03,6375.4399999999905
2013-01-04,6914.459999999984
2013-01-05,7811.859999999984
2013-01-06,8899.269999999982
2013-01-07,6771.379999999989
2013-01-08,5806.239999999995
2013-01-09,5219.589999999992
2013-01-10,5976.929999999991
2013-01-11,6900.949999999986
2013-01-12,8712.929999999991
2013-01-13,8114.4199999999855
2013-01-14,5715.359999999992
2013-01-15,5375.549999999996
2013-01-16,4790.380000000003
2013-01-17,5169.279999999994
2013-01-18,6127.2799999999925
2013-01-19,8563.729999999985
2013-01-20,7350.999999999979
2013-01-21,5946.859999999985
2013-01-22,4629.39
2013-01-23,4293.470000000003
2013-01-24,4425.3700000000035
2013-01-25,5632.659999999992
2013-01-26,8112.94999999999
2013-01-27,7740.10999999998
2013-01-28,5017.15
2013-01-29,4793.3499999999985
2013-01-30,4158.890000000002
2013-01-31,5337.11999999999
2013-02-01,7387.979999999979
2013-02-02,10935.969999999976
2013-02-03,7518.289999999976
2013-02-04,5438.849999999992
2013-02-05,5543.829999999989
2013-02-06,5719.329999999992
2013-02-07,6087.869999999988
2013-02-08,7181.579999999975
2013-02-09,9638.389999999983
2013-02-10,9892.519999999977
2013-02-11,7176.609999999993
2013-02-12,5464.779999999993
2013-02-13,6291.599999999987
2013-02-14,4847.98
2013-02-15,6852.089999999982
2013-02-16,7923.469999999987
2013-02-17,8234.199999999983
2013-02-18,6639.279999999992
2013-02-19,4876.109999999999
2013-02-20,5702.159999999994
2013-02-21,5415.529999999996
2013-02-22,6786.189999999981
2013-02-23,7979.419999999983
2013-02-24,7910.759999999972
2013-02-25,5657.339999999989
2013-02-26,4802.989999999997
2013-02-27,4736.499999999996
2013-02-28,4956.400000000001
2013-03-01,6633.259999999979
2013-03-02,9048.279999999973
2013-03-03,10123.749999999982
2013-03-04,6508.049999999991
2013-03-05,5527.33999999999
2013-03-06,5984.539999999989
2013-03-07,5460.379999999991
2013-03-08,7180.579999999983
2013-03-09,8747.659999999978
2013-03-10,8609.659999999976
2013-03-11,6662.839999999985
2013-03-12,5313.049999999993
2013-03-13,5070.049999999999
2013-03-14,5270.619999999993
2013-03-15,6932.219999999988
2013-03-16,8633.039999999985
2013-03-17,8349.589999999986
2013-03-18,5119.679999999998
2013-03-19,4825.590000000006
2013-03-20,5584.109999999999
2013-03-21,5059.679999999994
2013-03-22,6743.109999999993
2013-03-23,7955.91999999998
2013-03-24,8249.839999999984
2013-03-25,5747.909999999994
2013-03-26,5054.649999999998
2013-03-27,5058.4400000000005
2013-03-28,5836.899999999984
2013-03-29,7587.899999999986
2013-03-30,9803.01999999998
2013-03-31,7479.709999999983
2013-04-01,5360.499999999991
2013-04-02,5925.719999999993
2013-04-03,6056.699999999992
2013-04-04,6267.689999999987
2013-04-05,7109.969999999975
2013-04-06,8912.589999999976
2013-04-07,9449.199999999984
2013-04-08,6356.149999999992
2013-04-09,6054.919999999994
2013-04-10,6033.369999999996
2013-04-11,5774.099999999991
2013-04-12,6083.4099999999935
2013-04-13,7931.10999999999
2013-04-14,7927.649999999978
2013-04-15,5818.690000000002
2013-04-16,4817.130000000002
2013-04-17,5185.669999999991
2013-04-18,4900.339999999997
2013-04-19,6410.169999999986
2013-04-20,8092.819999999985
2013-04-21,8191.009999999985
2013-04-22,6066.139999999985
2013-04-23,5019.739999999999
2013-04-24,5540.259999999994
2013-04-25,5129.8799999999965
2013-04-26,6240.8699999999835
2013-04-27,7667.099999999978
2013-04-28,8541.539999999985
2013-04-29,6238.189999999996
2013-04-30,5431.99
2013-05-01,5653.509999999991
2013-05-02,6380.97999999999
2013-05-03,7843.649999999979
2013-05-04,9372.689999999977
2013-05-05,9204.289999999977
2013-05-06,7958.219999999982
2013-05-07,6488.739999999994
2013-05-08,5901.029999999994
2013-05-09,6436.439999999987
2013-05-10,7711.859999999983
2013-05-11,10015.039999999968
2013-05-12,7951.10999999999
2013-05-13,6489.169999999986
2013-05-14,5818.039999999995
2013-05-15,5863.179999999991
2013-05-16,6316.359999999987
2013-05-17,6634.629999999987
2013-05-18,7866.53999999998
2013-05-19,9814.419999999975
2013-05-20,6550.8999999999905
2013-05-21,5921.799999999997
2013-05-22,5530.030000000002
2013-05-23,5774.2599999999875
2013-05-24,7163.219999999985
2013-05-25,7811.709999999981
2013-05-26,7232.669999999984
2013-05-27,7633.149999999992
2013-05-28,5622.909999999993
2013-05-29,5083.25999999999
2013-05-30,5404.379999999992
2013-05-31,7530.779999999989
2013-06-01,9234.20999999997
2013-06-02,10083.429999999978
2013-06-03,7630.759999999979
2013-06-04,6472.229999999991
2013-06-05,6588.349999999984
2013-06-06,5141.659999999998
2013-06-07,8319.749999999965
2013-06-08,9517.339999999975
2013-06-09,10846.679999999971
2013-06-10,8165.069999999981
2013-06-11,6353.91999999999
2013-06-12,6345.7299999999905
2013-06-13,6444.909999999985
2013-06-14,8237.249999999987
2013-06-15,9189.349999999979
2013-06-16,7978.029999999982
2013-06-17,6093.279999999995
2013-06-18,5969.819999999989
2013-06-19,5249.359999999996
2013-06-20,6042.5699999999915
2013-06-21,7277.899999999988
2013-06-22,8620.61999999998
2013-06-23,9080.799999999965
2013-06-24,6499.169999999988
2013-06-25,5422.559999999996
2013-06-26,6112.409999999987
2013-06-27,6189.789999999983
2013-06-28,8508.389999999989
2013-06-29,9552.289999999975
2013-06-30,9897.269999999971
2013-07-01,8437.709999999981
2013-07-02,8593.179999999977
2013-07-03,9442.789999999977
2013-07-04,8167.629999999989
2013-07-05,8880.329999999967
2013-07-06,8208.78999999999
2013-07-07,10614.329999999973
2013-07-08,7581.199999999986
2013-07-09,7430.549999999991
2013-07-10,7382.999999999978
2013-07-11,6744.719999999994
2013-07-12,7653.219999999979
2013-07-13,8647.639999999976
2013-07-14,10258.119999999968
2013-07-15,7177.909999999987
2013-07-16,6336.539999999984
2013-07-17,6280.429999999988
2013-07-18,6622.389999999986
2013-07-19,7425.189999999983
2013-07-20,8804.059999999978
2013-07-21,9155.299999999967
2013-07-22,6658.039999999991
2013-07-23,6301.719999999991
2013-07-24,6007.479999999995
2013-07-25,5987.55999999999
2013-07-26,6667.4299999999885
2013-07-27,7354.499999999986
2013-07-28,8866.159999999967
2013-07-29,6504.569999999991
2013-07-30,6084.179999999983
2013-07-31,5848.889999999994
2013-08-01,7302.629999999974
2013-08-02,8607.569999999985
2013-08-03,10016.579999999956
2013-08-04,9279.269999999982
2013-08-05,7492.209999999988
2013-08-06,6790.349999999984
2013-08-07,7558.189999999988
2013-08-08,7360.249999999984
2013-08-09,8412.339999999984
2013-08-10,10622.279999999973
2013-08-11,10643.62999999996
2013-08-12,7694.319999999984
2013-08-13,6313.059999999992
2013-08-14,6204.529999999993
2013-08-15,6783.359999999989
2013-08-16,7778.859999999986
2013-08-17,9581.909999999963
2013-08-18,9902.729999999958
2013-08-19,6702.199999999994
2013-08-20,5726.869999999992
2013-08-21,6547.839999999993
2013-08-22,5884.4199999999955
2013-08-23,6749.699999999981
2013-08-24,9026.34999999998
2013-08-25,11310.769999999975
2013-08-26,6389.03999999999
2013-08-27,5653.81999999999
2013-08-28,5658.389999999991
2013-08-29,5632.829999999996
2013-08-30,8326.059999999976
2013-08-31,10056.119999999964
2013-09-01,9824.579999999982
2013-09-02,10088.32999999997
2013-09-03,7294.609999999982
2013-09-04,6568.609999999988
2013-09-05,6344.769999999987
2013-09-06,7844.469999999986
2013-09-07,10122.169999999975
2013-09-08,11458.089999999967
2013-09-09,8020.039999999993
2013-09-10,7034.099999999986
2013-09-11,6354.86999999999
2013-09-12,6075.829999999985
2013-09-13,7471.229999999979
2013-09-14,9056.339999999964
2013-09-15,9245.00999999998
2013-09-16,6676.599999999986
2013-09-17,6452.19999999998
2013-09-18,5783.229999999992
2013-09-19,5669.469999999991
2013-09-20,7187.989999999988
2013-09-21,9188.659999999973
2013-09-22,9969.039999999966
2013-09-23,6562.749999999985
2013-09-24,6134.519999999991
2013-09-25,4877.549999999998
2013-09-26,5430.169999999996
2013-09-27,6164.419999999993
2013-09-28,8532.799999999976
2013-09-29,9905.079999999965
2013-09-30,6450.109999999985
2013-10-01,6801.399999999992
2013-10-02,5790.989999999992
2013-10-03,6862.469999999981
2013-10-04,8505.85999999998
2013-10-05,9796.969999999976
2013-10-06,10457.03999999996
2013-10-07,8574.349999999979
2013-10-08,7445.879999999977
2013-10-09,7375.269999999984
2013-10-10,7562.829999999987
2013-10-11,7491.799999999973
2013-10-12,9043.659999999996
2013-10-13,10191.659999999969
2013-10-14,7560.839999999979
2013-10-15,5598.45
2013-10-16,5659.209999999993
2013-10-17,5953.289999999989
2013-10-18,7041.74999999999
2013-10-19,9159.649999999983
2013-10-20,10301.169999999973
2013-10-21,6635.779999999974
2013-10-22,5754.8899999999985
2013-10-23,5707.049999999993
2013-10-24,5239.189999999996
2013-10-25,6755.339999999975
2013-10-26,8865.599999999982
2013-10-27,9574.269999999968
2013-10-28,6681.939999999982
2013-10-29,5891.269999999992
2013-10-30,6111.2699999999895
2013-10-31,5196.43999999999
2013-11-01,7449.579999999986
2013-11-02,8790.439999999986
2013-11-03,10687.369999999983
2013-11-04,7024.239999999984
2013-11-05,6540.669999999984
2013-11-06,6320.519999999986
2013-11-07,5728.119999999988
2013-11-08,7089.32999999999
2013-11-09,8837.589999999973
2013-11-10,10226.519999999971
2013-11-11,7666.459999999981
2013-11-12,5413.649999999992
2013-11-13,5021.079999999998
2013-11-14,5386.359999999993
2013-11-15,6260.189999999989
2013-11-16,8687.069999999969
2013-11-17,9191.249999999973
2013-11-18,6031.38999999999
2013-11-19,5447.289999999996
2013-11-20,5074.339999999994
2013-11-21,5312.939999999999
2013-11-22,6258.439999999994
2013-11-23,8511.659999999973
2013-11-24,8641.089999999978
2013-11-25,6549.069999999988
2013-11-26,6782.419999999981
2013-11-27,7645.229999999986
2013-11-28,3897.0900000000042
2013-11-29,4280.440000000005
2013-11-30,5585.45999999999
2013-12-01,8076.679999999982
2013-12-02,7389.619999999978
2013-12-03,6854.489999999991
2013-12-04,6370.019999999987
2013-12-05,6073.999999999991
2013-12-06,7312.729999999989
2013-12-07,9751.639999999976
2013-12-08,9492.09999999997
2013-12-09,7157.989999999995
2013-12-10,6999.059999999984
2013-12-11,5900.790000000001
2013-12-12,5710.289999999993
2013-12-13,6539.76999999999
2013-12-14,8632.089999999973
2013-12-15,9129.499999999982
2013-12-16,6923.559999999991
2013-12-17,5833.339999999996
2013-12-18,6135.959999999992
2013-12-19,6510.3299999999845
2013-12-20,6390.71999999999
2013-12-21,8826.969999999976
2013-12-22,9020.709999999974
2013-12-23,8558.759999999966
2013-12-24,5963.739999999988
2013-12-25,5782.474999999991
2013-12-26,5601.209999999995
2013-12-27,6424.719999999993
2013-12-28,7551.889999999985
2013-12-29,7350.749999999988
2013-12-30,7148.9999999999945
2013-12-31,7376.809999999978
2014-01-01,4747.200000000003
2014-01-02,7115.289999999984
2014-01-03,7977.729999999981
2014-01-04,8815.279999999984
2014-01-05,9867.849999999977
2014-01-06,7973.589999999996
2014-01-07,7119.939999999984
2014-01-08,6280.819999999988
2014-01-09,5900.909999999988
2014-01-10,7180.909999999987
2014-01-11,9587.72999999997
2014-01-12,8783.349999999984
2014-01-13,6405.369999999989
2014-01-14,5068.409999999996
2014-01-15,5202.349999999991
2014-01-16,5337.879999999993
2014-01-17,6727.719999999994
2014-01-18,8953.129999999976
2014-01-19,8421.829999999974
2014-01-20,6692.499999999994
2014-01-21,4922.9400000000005
2014-01-22,4949.9100000000035
2014-01-23,4807.649999999996
2014-01-24,6534.01999999999
2014-01-25,7847.149999999983
2014-01-26,8976.149999999976
2014-01-27,5800.7899999999945
2014-01-28,4836.040000000002
2014-01-29,4527.129999999998
2014-01-30,4671.48
2014-01-31,7057.239999999983
2014-02-01,10939.169999999966
2014-02-02,9102.529999999979
2014-02-03,6717.48999999999
2014-02-04,5719.089999999988
2014-02-05,5688.0599999999895
2014-02-06,6191.849999999989
2014-02-07,7401.269999999985
2014-02-08,9826.019999999973
2014-02-09,10072.529999999962
2014-02-10,7421.539999999987
2014-02-11,5991.629999999991
2014-02-12,5761.229999999987
2014-02-13,6879.5499999999865
2014-02-14,6287.9999999999845
2014-02-15,7997.759999999981
2014-02-16,8156.059999999975
2014-02-17,6763.529999999991
2014-02-18,5055.2199999999975
2014-02-19,4931.329999999993
2014-02-20,4814.819999999997
2014-02-21,6315.599999999988
2014-02-22,7955.339999999988
2014-02-23,8674.049999999976
2014-02-24,6296.629999999998
2014-02-25,5042.870000000002
2014-02-26,4740.389999999999
2014-02-27,5262.3799999999965
2014-02-28,6001.959999999993
2014-03-01,9663.629999999966
2014-03-02,9743.75999999997
2014-03-03,6511.029999999989
2014-03-04,5605.269999999994
2014-03-05,5169.989999999998
2014-03-06,5558.7300000000005
2014-03-07,7022.449999999985
2014-03-08,8795.61999999998
2014-03-09,10595.649999999967
2014-03-10,8067.3099999999895
2014-03-11,6157.549999999993
2014-03-12,5961.699999999997
2014-03-13,6270.849999999979
2014-03-14,6867.539999999994
2014-03-15,9653.419999999973
2014-03-16,9890.909999999967
2014-03-17,5885.690000000002
2014-03-18,5276.569999999995
2014-03-19,5436.709999999997
2014-03-20,6025.589999999983
2014-03-21,6801.23999999998
2014-03-22,8091.919999999969
2014-03-23,9882.419999999951
2014-03-24,6822.8199999999815
2014-03-25,5601.639999999992
2014-03-26,5057.779999999995
2014-03-27,5600.399999999992
2014-03-28,6650.619999999984
2014-03-29,8271.229999999974
2014-03-30,9751.679999999971
2014-03-31,6070.019999999994
2014-04-01,6238.22999999999
2014-04-02,6716.319999999993
2014-04-03,6311.549999999985
2014-04-04,7234.659999999991
2014-04-05,9453.859999999973
2014-04-06,11251.789999999955
2014-04-07,7895.549999999979
2014-04-08,7114.519999999984
2014-04-09,6827.679999999984
2014-04-10,6822.509999999979
2014-04-11,7468.199999999983
2014-04-12,8933.499999999978
2014-04-13,10245.58999999997
2014-04-14,6966.499999999997
2014-04-15,6308.42999999998
2014-04-16,7374.59999999998
2014-04-17,7043.209999999988
2014-04-18,9250.24999999997
2014-04-19,11341.389999999963
2014-04-20,8156.1499999999805
2014-04-21,6518.9699999999875
2014-04-22,6405.5599999999895
2014-04-23,5293.889999999996
2014-04-24,5911.389999999992
2014-04-25,7632.849999999971
2014-04-26,9456.169999999971
2014-04-27,9855.359999999964
2014-04-28,6438.429999999991
2014-04-29,5620.78999999999
2014-04-30,5999.979999999988
2014-05-01,7309.439999999977
2014-05-02,8385.879999999981
2014-05-03,10350.149999999976
2014-05-04,12279.279999999952
2014-05-05,8094.409999999983
2014-05-06,6738.14999999998
2014-05-07,6819.719999999984
2014-05-08,6463.219999999994
2014-05-09,8081.16999999998
2014-05-10,9665.199999999957
2014-05-11,7551.349999999986
2014-05-12,7925.479999999978
2014-05-13,6852.759999999985
2014-05-14,6265.269999999995
2014-05-15,5964.0499999999865
2014-05-16,7540.059999999982
2014-05-17,8520.40999999997
2014-05-18,9671.719999999972
2014-05-19,7090.499999999989
2014-05-20,5618.509999999997
2014-05-21,5754.999999999987
2014-05-22,5915.749999999992
2014-05-23,6724.319999999994
2014-05-24,7939.129999999979
2014-05-25,8077.969999999986
2014-05-26,7913.929999999978
2014-05-27,6246.699999999988
2014-05-28,5311.379999999989
2014-05-29,5402.319999999997
2014-05-30,6668.119999999985
2014-05-31,8409.94999999998
2014-06-01,10542.229999999974
2014-06-02,7596.0099999999775
2014-06-03,6414.529999999989
2014-06-04,6849.999999999982
2014-06-05,6477.839999999985
2014-06-06,7484.229999999985
2014-06-07,9545.389999999961
2014-06-08,10402.569999999963
2014-06-09,8245.219999999983
2014-06-10,6687.439999999981
2014-06-11,6756.469999999981
2014-06-12,6301.3699999999835
2014-06-13,7966.599999999982
2014-06-14,9542.229999999965
2014-06-15,8344.039999999968
2014-06-16,7043.9099999999935
2014-06-17,5749.12999999999
2014-06-18,6449.479999999986
2014-06-19,5927.909999999987
2014-06-20,7965.809999999977
2014-06-21,8035.469999999978
2014-06-22,8692.789999999974
2014-06-23,6700.419999999984
2014-06-24,5792.529999999988
2014-06-25,5808.599999999984
2014-06-26,5532.619999999992
2014-06-27,6276.579999999991
2014-06-28,8170.55999999998
2014-06-29,9052.739999999974
2014-06-30,6677.969999999989
2014-07-01,7162.549999999986
2014-07-02,7178.909999999987
2014-07-03,9646.169999999956
2014-07-04,8012.439999999978
2014-07-05,8114.769999999982
2014-07-06,9766.859999999968
2014-07-07,8259.57999999997
2014-07-08,7750.129999999978
2014-07-09,7179.879999999988
2014-07-10,7628.879999999982
2014-07-11,8065.7799999999825
2014-07-12,9496.04999999997
2014-07-13,9631.129999999972
2014-07-14,6994.659999999985
2014-07-15,6699.179999999994
2014-07-16,6484.379999999992
2014-07-17,6490.689999999987
2014-07-18,7459.219999999984
2014-07-19,8726.82999999997
2014-07-20,10271.299999999952
2014-07-21,6478.669999999989
2014-07-22,5888.939999999994
2014-07-23,6252.579999999991
2014-07-24,6305.11999999998
2014-07-25,7126.809999999985
2014-07-26,7530.079999999975
2014-07-27,8975.29999999997
2014-07-28,7406.899999999983
2014-07-29,6122.229999999988
2014-07-30,6548.129999999986
2014-07-31,6383.819999999993
2014-08-01,8839.33999999997
2014-08-02,9708.819999999969
2014-08-03,10424.159999999965
2014-08-04,8692.239999999974
2014-08-05,7455.5299999999825
2014-08-06,7020.299999999984
2014-08-07,6794.169999999995
2014-08-08,7911.259999999983
2014-08-09,9975.289999999974
2014-08-10,10674.10999999996
2014-08-11,7017.759999999991
2014-08-12,6279.669999999995
2014-08-13,6649.239999999989
2014-08-14,6500.299999999991
2014-08-15,7272.729999999986
2014-08-16,9677.729999999981
2014-08-17,11334.90999999996
2014-08-18,8159.409999999985
2014-08-19,6228.11999999999
2014-08-20,6074.129999999989
2014-08-21,6067.05999999999
2014-08-22,6999.489999999979
2014-08-23,9298.619999999979
2014-08-24,11554.539999999964
2014-08-25,6521.219999999986
2014-08-26,6005.929999999995
2014-08-27,5255.349999999998
2014-08-28,5948.219999999984
2014-08-29,7429.519999999985
2014-08-30,8881.619999999972
2014-08-31,8940.629999999976
2014-09-01,9326.739999999965
2014-09-02,6465.199999999991
2014-09-03,6880.759999999987
2014-09-04,6758.369999999991
2014-09-05,7718.539999999984
2014-09-06,10449.989999999972
2014-09-07,11187.479999999961
2014-09-08,7328.869999999988
2014-09-09,7312.279999999979
2014-09-10,7125.4399999999805
2014-09-11,7081.409999999992
2014-09-12,7353.019999999979
2014-09-13,9653.359999999979
2014-09-14,10192.229999999976
2014-09-15,7239.699999999981
2014-09-16,5905.159999999991
2014-09-17,5725.819999999996
2014-09-18,5699.919999999987
2014-09-19,7179.539999999984
2014-09-20,9559.599999999984
2014-09-21,10308.27999999997
2014-09-22,6786.899999999985
2014-09-23,6266.449999999985
2014-09-24,5747.709999999993
2014-09-25,5782.26999999999
2014-09-26,7194.869999999986
2014-09-27,9406.889999999976
2014-09-28,10206.549999999957
2014-09-29,7186.669999999984
2014-09-30,6050.809999999998
2014-10-01,6969.779999999975
2014-10-02,7211.039999999979
2014-10-03,9048.849999999968
2014-10-04,11360.519999999964
2014-10-05,11763.779999999944
2014-10-06,8998.489999999972
2014-10-07,7693.339999999976
2014-10-08,7746.579999999979
2014-10-09,7770.529999999978
2014-10-10,8523.30999999996
2014-10-11,10112.339999999964
2014-10-12,11671.969999999961
2014-10-13,7908.189999999979
2014-10-14,6119.489999999992
2014-10-15,6227.069999999984
2014-10-16,6248.039999999987
2014-10-17,8030.799999999966
2014-10-18,10705.93999999997
2014-10-19,12040.309999999949
2014-10-20,7923.249999999972
2014-10-21,6010.299999999986
2014-10-22,6027.729999999989
2014-10-23,6064.319999999981
2014-10-24,7322.709999999984
2014-10-25,10225.559999999958
2014-10-26,9777.97999999996
2014-10-27,7611.879999999979
2014-10-28,5893.399999999996
2014-10-29,5952.789999999988
2014-10-30,6760.479999999985
2014-10-31,7446.579999999976
2014-11-01,11192.989999999956
2014-11-02,12179.019999999942
2014-11-03,9002.369999999979
2014-11-04,7704.689999999988
2014-11-05,6517.469999999975
2014-11-06,7109.869999999983
2014-11-07,8012.189999999976
2014-11-08,10376.759999999975
2014-11-09,11955.279999999944
2014-11-10,9116.379999999965
2014-11-11,7262.609999999982
2014-11-12,6238.369999999993
2014-11-13,6167.52999999999
2014-11-14,7378.02999999998
2014-11-15,9691.889999999967
2014-11-16,10946.099999999973
2014-11-17,7322.449999999973
2014-11-18,5869.769999999988
2014-11-19,5877.279999999985
2014-11-20,5810.049999999993
2014-11-21,7414.859999999978
2014-11-22,10016.759999999973
2014-11-23,9287.11999999996
2014-11-24,8428.639999999972
2014-11-25,7800.509999999982
2014-11-26,8109.669999999981
2014-11-27,4520.630000000002
2014-11-28,5649.359999999995
2014-11-29,7747.159999999988
2014-11-30,8128.479999999971
2014-12-01,8108.6199999999835
2014-12-02,6228.329999999986
2014-12-03,6269.6199999999835
2014-12-04,7632.989999999966
2014-12-05,7599.39999999998
2014-12-06,9874.099999999971
2014-12-07,10803.23999999997
2014-12-08,8237.569999999982
2014-12-09,7174.159999999987
2014-12-10,8746.549999999974
2014-12-11,4623.4400000000005
2014-12-12,6565.499999999982
2014-12-13,8828.449999999972
2014-12-14,10505.289999999968
2014-12-15,7185.949999999986
2014-12-16,6996.229999999986
2014-12-17,7072.179999999991
2014-12-18,7295.789999999985
2014-12-19,7261.7699999999795
2014-12-20,9697.669999999967
2014-12-21,10032.869999999963
2014-12-22,8739.449999999964
2014-12-23,7995.149999999987
2014-12-24,7237.029999999985
2014-12-25,6863.034999999987
2014-12-26,6489.03999999999
2014-12-27,7472.739999999982
2014-12-28,8185.979999999975
2014-12-29,7031.089999999982
2014-12-30,6959.249999999989
2014-12-31,8188.00999999998
2015-01-01,5751.739999999985
2015-01-02,8834.339999999967
2015-01-03,10077.699999999972
2015-01-04,11298.209999999954
2015-01-05,8583.659999999978
2015-01-06,7284.549999999983
2015-01-07,6779.179999999986
2015-01-08,6761.059999999992
2015-01-09,7831.209999999978
2015-01-10,11100.679999999957
2015-01-11,11295.37999999996
2015-01-12,7167.399999999987
2015-01-13,5783.229999999983
2015-01-14,5676.919999999993
2015-01-15,6295.909999999983
2015-01-16,7525.21999999997
2015-01-17,9001.979999999976
2015-01-18,9761.979999999965
2015-01-19,7866.959999999977
2015-01-20,6167.409999999993
2015-01-21,5826.36999999999
2015-01-22,5444.129999999997
2015-01-23,6702.349999999987
2015-01-24,9422.369999999968
2015-01-25,9457.88999999997
2015-01-26,6170.049999999989
2015-01-27,5095.239999999996
2015-01-28,5314.529999999999
2015-01-29,5271.149999999995
2015-01-30,7223.839999999987
2015-01-31,10525.849999999962
2015-02-01,9835.519999999964
2015-02-02,7036.989999999983
2015-02-03,6917.159999999981
2015-02-04,6714.679999999976
2015-02-05,7194.709999999982
2015-02-06,7202.539999999974
2015-02-07,10924.529999999964
2015-02-08,11166.329999999954
2015-02-09,9182.419999999967
2015-02-10,7555.399999999979
2015-02-11,7209.9299999999785
2015-02-12,6877.469999999988
2015-02-13,7494.919999999975
2015-02-14,8319.569999999978
2015-02-15,9170.439999999982
2015-02-16,7690.669999999976
2015-02-17,6102.159999999998
2015-02-18,5567.439999999992
2015-02-19,5619.019999999991
2015-02-20,7338.749999999989
2015-02-21,8403.669999999973
2015-02-22,9669.779999999966
2015-02-23,6504.79999999998
2015-02-24,5230.739999999995
2015-02-25,5262.989999999996
2015-02-26,5067.0300000000025
2015-02-27,6735.469999999982
2015-02-28,9428.189999999973
2015-03-01,10554.25999999996
2015-03-02,7632.249999999993
2015-03-03,6646.179999999984
2015-03-04,6847.349999999993
2015-03-05,6471.339999999994
2015-03-06,7691.2499999999845
2015-03-07,9830.02999999998
2015-03-08,11104.959999999966
2015-03-09,7506.599999999989
2015-03-10,6596.759999999995
2015-03-11,6458.559999999987
2015-03-12,6041.119999999993
2015-03-13,7771.329999999982
2015-03-14,8362.859999999979
2015-03-15,10323.55999999996
2015-03-16,6799.889999999987
2015-03-17,5798.359999999985
2015-03-18,5985.04999999998
2015-03-19,5296.169999999996
2015-03-20,7159.699999999992
2015-03-21,9454.51999999998
2015-03-22,9907.489999999976
2015-03-23,6506.759999999995
2015-03-24,5535.02999999999
2015-03-25,5345.249999999995
2015-03-26,5966.159999999996
2015-03-27,6988.3099999999795
2015-03-28,8729.749999999973
2015-03-29,10133.259999999964
2015-03-30,7188.51999999998
2015-03-31,6571.599999999988
2015-04-01,7414.169999999984
2015-04-02,7384.419999999973
2015-04-03,10074.01999999996
2015-04-04,12178.829999999945
2015-04-05,8791.91999999996
2015-04-06,7316.4399999999805
2015-04-07,7148.099999999982
2015-04-08,7070.289999999989
2015-04-09,6576.569999999985
2015-04-10,8534.529999999972
2015-04-11,9491.489999999952
2015-04-12,11376.839999999946
2015-04-13,7691.049999999984
2015-04-14,6410.969999999988
2015-04-15,6344.019999999977
2015-04-16,6513.8799999999865
2015-04-17,7525.23999999998
2015-04-18,9715.239999999978
2015-04-19,10690.54999999996
2015-04-20,7248.649999999983
2015-04-21,6282.019999999981
2015-04-22,5880.929999999985
2015-04-23,6589.679999999973
2015-04-24,7412.729999999976
2015-04-25,10974.639999999961
2015-04-26,10567.139999999968
2015-04-27,7066.109999999989
2015-04-28,6146.37999999998
2015-04-29,6128.789999999985
2015-04-30,6028.669999999988
2015-05-01,9149.41999999996
2015-05-02,10628.89999999997
2015-05-03,12050.309999999952
2015-05-04,8773.929999999975
2015-05-05,7599.809999999987
2015-05-06,6964.309999999986
2015-05-07,7670.019999999976
2015-05-08,8389.479999999976
2015-05-09,10808.979999999943
2015-05-10,9210.419999999978
2015-05-11,8131.689999999985
2015-05-12,6608.399999999984
2015-05-13,6783.31999999998
2015-05-14,6206.009999999984
2015-05-15,7899.679999999979
2015-05-16,9487.619999999966
2015-05-17,10148.589999999964
2015-05-18,7336.239999999976
2015-05-19,6366.239999999983
2015-05-20,5945.359999999983
2015-05-21,6376.429999999987
2015-05-22,8264.59999999997
2015-05-23,9120.779999999966
2015-05-24,9201.099999999962
2015-05-25,9152.279999999973
2015-05-26,6399.999999999995
2015-05-27,6181.39999999998
2015-05-28,5477.559999999986
2015-05-29,6262.229999999989
2015-05-30,8936.399999999976
2015-05-31,9804.549999999976
2015-06-01,8060.209999999987
2015-06-02,7044.819999999985
2015-06-03,6809.489999999978
2015-06-04,6535.639999999978
2015-06-05,8085.67999999998
2015-06-06,9565.079999999964
2015-06-07,10227.48999999995
2015-06-08,7917.069999999983
2015-06-09,7537.209999999981
2015-06-10,7358.049999999973
2015-06-11,6614.289999999982
2015-06-12,7940.219999999979
2015-06-13,9653.649999999981
2015-06-14,10213.599999999955
2015-06-15,7824.849999999977
2015-06-16,6563.139999999989
2015-06-17,6335.129999999985
2015-06-18,6698.83999999998
2015-06-19,7938.459999999967
2015-06-20,9387.139999999968
2015-06-21,8435.769999999971
2015-06-22,7139.909999999979
2015-06-23,6967.139999999977
2015-06-24,6055.979999999984
2015-06-25,6616.929999999982
2015-06-26,7087.369999999979
2015-06-27,8821.159999999954
2015-06-28,9214.929999999977
2015-06-29,6222.279999999985
2015-06-30,6566.749999999975
2015-07-01,7174.169999999975
2015-07-02,8465.239999999965
2015-07-03,10525.359999999971
2015-07-04,7706.089999999972
2015-07-05,8747.359999999966
2015-07-06,8737.90999999997
2015-07-07,7621.31999999998
2015-07-08,7083.229999999983
2015-07-09,7325.89999999998
2015-07-10,8883.419999999973
2015-07-11,10030.469999999972
2015-07-12,9881.019999999962
2015-07-13,7555.119999999978
2015-07-14,6675.389999999978
2015-07-15,6548.829999999981
2015-07-16,6581.789999999986
2015-07-17,7567.739999999968
2015-07-18,8070.88999999997
2015-07-19,8812.42999999997
2015-07-20,7259.109999999989
2015-07-21,6450.469999999994
2015-07-22,6485.339999999982
2015-07-23,6141.339999999981
2015-07-24,7152.79999999998
2015-07-25,7807.769999999976
2015-07-26,8554.26999999998
2015-07-27,7401.279999999989
2015-07-28,6153.919999999989
2015-07-29,6069.659999999997
2015-07-30,6623.469999999982
2015-07-31,7978.139999999973
2015-08-01,9647.839999999973
2015-08-02,10941.269999999953
2015-08-03,8650.399999999981
2015-08-04,7440.209999999991
2015-08-05,7557.119999999988
2015-08-06,7782.619999999985
2015-08-07,8197.809999999978
2015-08-08,10426.77999999997
2015-08-09,10860.109999999962
2015-08-10,8242.159999999987
2015-08-11,6453.019999999986
2015-08-12,7088.249999999993
2015-08-13,6139.0299999999825
2015-08-14,7282.169999999975
2015-08-15,8790.969999999985
2015-08-16,10390.089999999953
2015-08-17,8209.559999999983
2015-08-18,6558.959999999991
2015-08-19,6141.739999999991
2015-08-20,6201.079999999989
2015-08-21,7130.92999999997
2015-08-22,8359.249999999978
2015-08-23,10652.409999999973
2015-08-24,6520.199999999991
2015-08-25,5345.709999999992
2015-08-26,5529.299999999997
2015-08-27,5732.319999999991
2015-08-28,6618.239999999981
2015-08-29,8829.369999999975
2015-08-30,10065.54999999998
2015-08-31,6609.2699999999895
2015-09-01,6687.989999999989
2015-09-02,6301.84999999998
2015-09-03,6916.6099999999815
2015-09-04,8582.179999999971
2015-09-05,10088.009999999975
2015-09-06,9044.689999999964
2015-09-07,9682.269999999973
2015-09-08,7243.399999999988
2015-09-09,6880.639999999989
2015-09-10,6803.759999999971
2015-09-11,7440.279999999983
2015-09-12,9478.649999999961
2015-09-13,10554.809999999952
2015-09-14,7086.48999999999
2015-09-15,6523.379999999988
2015-09-16,5782.339999999989
2015-09-17,6539.189999999981
2015-09-18,7443.2799999999825
2015-09-19,9486.769999999973
2015-09-20,10729.499999999969
2015-09-21,7500.819999999983
2015-09-22,6812.589999999992
2015-09-23,6303.099999999982
2015-09-24,6027.01999999999
2015-09-25,7417.89999999998
2015-09-26,9488.649999999974
2015-09-27,10516.78999999996
2015-09-28,6992.149999999979
2015-09-29,5537.1299999999965
2015-09-30,5590.899999999985
2015-10-01,6389.829999999975
2015-10-02,8500.379999999981
2015-10-03,10670.829999999962
2015-10-04,11793.639999999965
2015-10-05,8696.199999999975
2015-10-06,7581.029999999989
2015-10-07,6709.4699999999875
2015-10-08,7074.7399999999825
2015-10-09,8166.129999999973
2015-10-10,10162.029999999962
2015-10-11,10800.509999999957
2015-10-12,8458.86999999998
2015-10-13,6577.599999999982
2015-10-14,5953.549999999987
2015-10-15,6373.729999999977
2015-10-16,6904.829999999975
2015-10-17,9483.81999999997
2015-10-18,10971.95999999996
2015-10-19,7143.24999999998
2015-10-20,6377.259999999994
2015-10-21,5908.639999999992
2015-10-22,5474.759999999981
2015-10-23,6699.5199999999795
2015-10-24,8609.259999999966
2015-10-25,10253.639999999952
2015-10-26,6712.73999999999
2015-10-27,6177.699999999993
2015-10-28,5615.169999999989
2015-10-29,5644.489999999994
2015-10-30,7511.0099999999775
2015-10-31,8509.37999999997
2015-11-01,9012.229999999954
2015-11-02,7042.399999999984
2015-11-03,7053.389999999996
2015-11-04,6445.91999999998
2015-11-05,6126.949999999989
2015-11-06,7572.239999999982
2015-11-07,9304.209999999954
2015-11-08,10224.649999999974
2015-11-09,7158.929999999985
2015-11-10,6833.659999999988
2015-11-11,6655.409999999989
2015-11-12,5215.829999999992
2015-11-13,6206.0099999999775
2015-11-14,8727.709999999972
2015-11-15,9815.38999999997
2015-11-16,6316.9999999999845
2015-11-17,5491.209999999993
2015-11-18,5666.9399999999905
2015-11-19,5400.999999999985
2015-11-20,6763.62999999999
2015-11-21,8680.319999999982
2015-11-22,9480.489999999963
2015-11-23,7712.809999999971
2015-11-24,7129.1799999999785
2015-11-25,8100.619999999974
2015-11-26,3803.0600000000013
2015-11-27,4050.510000000003
2015-11-28,5992.139999999986
2015-11-29,7849.569999999986
2015-11-30,6381.089999999987
2015-12-01,6430.499999999996
2015-12-02,6186.439999999984
2015-12-03,6216.449999999984
2015-12-04,7083.139999999969
2015-12-05,9044.179999999968
2015-12-06,9908.019999999962
2015-12-07,7713.439999999982
2015-12-08,6326.339999999987
2015-12-09,6242.639999999984
2015-12-10,5920.989999999995
2015-12-11,6233.809999999986
2015-12-12,8797.609999999977
2015-12-13,9163.28999999997
2015-12-14,7038.749999999977
2015-12-15,6303.289999999989
2015-12-16,6565.399999999981
2015-12-17,6660.759999999982
2015-12-18,6795.689999999978
2015-12-19,8747.779999999957
2015-12-20,8562.989999999974
2015-12-21,7379.479999999977
2015-12-22,7408.9399999999805
2015-12-23,7743.149999999986
2015-12-24,7314.319999999981
2015-12-25,7153.509999999978
2015-12-26,6992.699999999976
2015-12-27,6867.209999999991
2015-12-28,6442.589999999992
2015-12-29,6370.0399999999845
2015-12-30,6433.579999999982
2015-12-31,7850.609999999982
2016-01-01,6044.319999999983
2016-01-02,8175.529999999974
2016-01-03,9682.049999999963
2016-01-04,8069.169999999977
2016-01-05,6562.269999999974
2016-01-06,6205.8599999999815
2016-01-07,6849.9199999999655
2016-01-08,7845.00999999997
2016-01-09,10884.229999999958
2016-01-10,10722.339999999962
2016-01-11,7516.019999999978
2016-01-12,5813.979999999995
2016-01-13,5714.019999999986
2016-01-14,5698.24999999999
2016-01-15,6921.8999999999805
2016-01-16,9696.879999999961
2016-01-17,9350.869999999943
2016-01-18,7491.109999999982
2016-01-19,5816.1699999999855
2016-01-20,5973.539999999984
2016-01-21,5832.949999999991
2016-01-22,6183.149999999986
2016-01-23,10051.52999999996
2016-01-24,9256.579999999962
2016-01-25,6344.069999999994
2016-01-26,5556.159999999994
2016-01-27,5350.719999999993
2016-01-28,5737.2699999999895
2016-01-29,6901.57999999998
2016-01-30,9261.779999999966
2016-01-31,10637.419999999951
2016-02-01,7325.439999999976
2016-02-02,6988.839999999986
2016-02-03,6966.02999999998
2016-02-04,6793.979999999976
2016-02-05,7888.19999999998
2016-02-06,12260.909999999978
2016-02-07,9947.99999999995
2016-02-08,6985.579999999981
2016-02-09,7422.039999999981
2016-02-10,7485.939999999978
2016-02-11,7177.079999999977
2016-02-12,7408.1799999999785
2016-02-13,9476.18999999997
2016-02-14,7929.799999999978
2016-02-15,8192.399999999976
2016-02-16,6476.329999999981
2016-02-17,6231.7999999999865
2016-02-18,6450.239999999985
2016-02-19,7212.409999999968
2016-02-20,9103.909999999958
2016-02-21,9867.269999999955
2016-02-22,6895.51999999997
2016-02-23,6385.519999999984
2016-02-24,5779.5099999999875
2016-02-25,5742.319999999993
2016-02-26,6853.339999999984
2016-02-27,8915.05999999996
2016-02-28,10243.55999999995
2016-02-29,6421.119999999981
2016-03-01,6395.649999999981
2016-03-02,6354.659999999981
2016-03-03,6503.81999999998
2016-03-04,7292.479999999977
2016-03-05,10019.219999999963
2016-03-06,11808.369999999937
2016-03-07,8233.779999999973
2016-03-08,7283.919999999982
2016-03-09,6674.2099999999855
2016-03-10,6742.5399999999745
2016-03-11,7435.549999999967
2016-03-12,10074.359999999959
2016-03-13,9859.499999999955
2016-03-14,7593.659999999986
2016-03-15,6046.639999999985
2016-03-16,6347.379999999969
2016-03-17,6133.979999999992
2016-03-18,7494.219999999979
2016-03-19,9601.06999999995
2016-03-20,11594.479999999936
2016-03-21,7695.939999999972
2016-03-22,6730.999999999978
2016-03-23,6741.149999999982
2016-03-24,7007.529999999986
2016-03-25,9212.909999999967
2016-03-26,11256.679999999951
2016-03-27,8736.39999999997
2016-03-28,6937.349999999976
2016-03-29,6557.309999999979
2016-03-30,5787.289999999986
2016-03-31,6610.299999999986
2016-04-01,8704.029999999966
2016-04-02,10677.83999999995
2016-04-03,11756.79999999995
2016-04-04,8821.539999999979
2016-04-05,7434.399999999974
2016-04-06,7406.629999999975
2016-04-07,6710.959999999984
2016-04-08,8633.37999999996
2016-04-09,11235.029999999946
2016-04-10,11129.169999999956
2016-04-11,7954.739999999982
2016-04-12,6632.18999999998
2016-04-13,6345.029999999984
2016-04-14,6790.989999999987
2016-04-15,7606.329999999967
2016-04-16,9485.159999999962
2016-04-17,10917.669999999953
2016-04-18,7898.899999999982
2016-04-19,6949.279999999978
2016-04-20,6938.529999999975
2016-04-21,6824.209999999983
2016-04-22,8226.63999999997
2016-04-23,10037.579999999965
2016-04-24,11229.929999999962
